Molecule ChEMBL ID,Molecule Name,Molecule Max Phase,Molecular Weight,#RO5 Violations,AlogP,Compound Key,Smiles,Standard Type,Standard Relation,Standard Value,Standard Units,pChEMBL Value,Data Validity Comment,Comment,Uo Units,Ligand Efficiency BEI,Ligand Efficiency LE,Ligand Efficiency LLE,Ligand Efficiency SEI,Potential Duplicate,Assay ChEMBL ID,Assay Description,Assay Type,BAO Format ID,BAO Label,Assay Organism,Assay Tissue ChEMBL ID,Assay Tissue Name,Assay Cell Type,Assay Subcellular Fraction,Assay Parameters,Assay Variant Accession,Assay Variant Mutation,Target ChEMBL ID,Target Name,Target Organism,Target Type,Document ChEMBL ID,Source ID,Source Description,Document Journal,Document Year
CHEMBL100729,,0,409.57,0,3.89,(-)-5b,CCN1CC[C@]2(c3cccc(O)c3)Cc3[nH]c(C(=O)N(CC)CC)c(C)c3C[C@H]2C1,Ki,'=',1340,nM,5.87,,,UO_0000065,14.34,0.27,1.98,9.86,TRUE,CHEMBL752652,"Binding affinity against Opioid receptor kappa 1 using [3H]-U-69,593 as radioligand",B,BAO_0000357,single protein format,Mus musculus,,,,,,,,CHEMBL4329,Kappa opioid receptor,Mus musculus,SINGLE PROTEIN,CHEMBL1130172,1,Scientific Literature,J. Med. Chem.,1997
CHEMBL100729,,0,409.57,0,3.89,(+/-)-5b,CCN1CC[C@]2(c3cccc(O)c3)Cc3[nH]c(C(=O)N(CC)CC)c(C)c3C[C@H]2C1,Ki,'=',1298,nM,5.89,,,UO_0000065,14.37,0.27,2,9.88,TRUE,CHEMBL752652,"Binding affinity against Opioid receptor kappa 1 using [3H]-U-69,593 as radioligand",B,BAO_0000357,single protein format,Mus musculus,,,,,,,,CHEMBL4329,Kappa opioid receptor,Mus musculus,SINGLE PROTEIN,CHEMBL1130172,1,Scientific Literature,J. Med. Chem.,1997
CHEMBL100729,,0,409.57,0,3.89,(+)-5b,CCN1CC[C@]2(c3cccc(O)c3)Cc3[nH]c(C(=O)N(CC)CC)c(C)c3C[C@H]2C1,Ki,'=',6005,nM,5.22,,,UO_0000065,12.75,0.24,1.33,8.77,FALSE,CHEMBL752652,"Binding affinity against Opioid receptor kappa 1 using [3H]-U-69,593 as radioligand",B,BAO_0000357,single protein format,Mus musculus,,,,,,,,CHEMBL4329,Kappa opioid receptor,Mus musculus,SINGLE PROTEIN,CHEMBL1130172,1,Scientific Literature,J. Med. Chem.,1997
CHEMBL107670,,0,346.47,0,4.25,(+/-)-3,CCN1CC[C@]2(c3cccc(O)c3)Cc3[nH]c4ccccc4c3C[C@H]2C1,Ki,'=',334,nM,6.48,,,UO_0000065,18.69,0.34,2.23,16.5,FALSE,CHEMBL752652,"Binding affinity against Opioid receptor kappa 1 using [3H]-U-69,593 as radioligand",B,BAO_0000357,single protein format,Mus musculus,,,,,,,,CHEMBL4329,Kappa opioid receptor,Mus musculus,SINGLE PROTEIN,CHEMBL1130172,1,Scientific Literature,J. Med. Chem.,1997
CHEMBL107670,,0,346.47,0,4.25,(-)-3,CCN1CC[C@]2(c3cccc(O)c3)Cc3[nH]c4ccccc4c3C[C@H]2C1,Ki,'=',167,nM,6.78,,,UO_0000065,19.56,0.36,2.53,17.26,FALSE,CHEMBL752652,"Binding affinity against Opioid receptor kappa 1 using [3H]-U-69,593 as radioligand",B,BAO_0000357,single protein format,Mus musculus,,,,,,,,CHEMBL4329,Kappa opioid receptor,Mus musculus,SINGLE PROTEIN,CHEMBL1130172,1,Scientific Literature,J. Med. Chem.,1997
CHEMBL107670,,0,346.47,0,4.25,(+)-3,CCN1CC[C@]2(c3cccc(O)c3)Cc3[nH]c4ccccc4c3C[C@H]2C1,Ki,'=',771,nM,6.11,,,UO_0000065,17.64,0.32,1.86,15.57,FALSE,CHEMBL752652,"Binding affinity against Opioid receptor kappa 1 using [3H]-U-69,593 as radioligand",B,BAO_0000357,single protein format,Mus musculus,,,,,,,,CHEMBL4329,Kappa opioid receptor,Mus musculus,SINGLE PROTEIN,CHEMBL1130172,1,Scientific Literature,J. Med. Chem.,1997
CHEMBL100729,,0,409.57,0,3.89,(-)-4a,CCN1CC[C@]2(c3cccc(O)c3)Cc3[nH]c(C(=O)N(CC)CC)c(C)c3C[C@H]2C1,Ki,'=',1340,nM,5.87,,,UO_0000065,14.34,0.27,1.98,9.86,FALSE,CHEMBL699595,Binding affinity against Kappa opioid receptor using [3H]U-69593 radioligand in mouse brain homogenates,B,BAO_0000221,tissue-based format,Mus musculus,CHEMBL3638188,Brain,,,,,,CHEMBL4329,Kappa opioid receptor,Mus musculus,SINGLE PROTEIN,CHEMBL1152046,1,Scientific Literature,Bioorg. Med. Chem. Lett.,1997
CHEMBL100729,,0,409.57,0,3.89,(+)-4a,CCN1CC[C@]2(c3cccc(O)c3)Cc3[nH]c(C(=O)N(CC)CC)c(C)c3C[C@H]2C1,Ki,'=',1340,nM,5.87,,,UO_0000065,14.34,0.27,1.98,9.86,FALSE,CHEMBL699595,Binding affinity against Kappa opioid receptor using [3H]U-69593 radioligand in mouse brain homogenates,B,BAO_0000221,tissue-based format,Mus musculus,CHEMBL3638188,Brain,,,,,,CHEMBL4329,Kappa opioid receptor,Mus musculus,SINGLE PROTEIN,CHEMBL1152046,1,Scientific Literature,Bioorg. Med. Chem. Lett.,1997
CHEMBL100729,,0,409.57,0,3.89,4a,CCN1CC[C@]2(c3cccc(O)c3)Cc3[nH]c(C(=O)N(CC)CC)c(C)c3C[C@H]2C1,Ki,'=',1298,nM,5.89,,,UO_0000065,14.37,0.27,2,9.88,FALSE,CHEMBL699595,Binding affinity against Kappa opioid receptor using [3H]U-69593 radioligand in mouse brain homogenates,B,BAO_0000221,tissue-based format,Mus musculus,CHEMBL3638188,Brain,,,,,,CHEMBL4329,Kappa opioid receptor,Mus musculus,SINGLE PROTEIN,CHEMBL1152046,1,Scientific Literature,Bioorg. Med. Chem. Lett.,1997
CHEMBL2402939,,0,595.66,2,-3.26,10a,CN/C1=N/C[C@@H](C(N)=O)NC(=O)[C@H](Cc2ccccc2)NC(=O)CNC(=O)[C@H](NC(=O)[C@@H](N)Cc2ccc(O)cc2)CN1,EC50,'=',281.84,nM,6.55,,,UO_0000065,,,,,FALSE,CHEMBL2404093,Agonist activity at mu opioid receptor in rat brain membranes assessed as stimulation of [35S]GTPgammaS binding after 60 mins in presence of GDP,F,BAO_0000249,cell membrane format,Rattus norvegicus,CHEMBL3638188,Brain,,Brain membranes,,,,CHEMBL270,Mu opioid receptor,Rattus norvegicus,SINGLE PROTEIN,CHEMBL2401649,1,Scientific Literature,J. Med. Chem.,2013
CHEMBL2402939,,0,595.66,2,-3.26,10b,CN/C1=N/C[C@@H](C(N)=O)NC(=O)[C@H](Cc2ccccc2)NC(=O)CNC(=O)[C@H](NC(=O)[C@@H](N)Cc2ccc(O)cc2)CN1,EC50,'=',1592,nM,5.8,,,UO_0000065,,,,,FALSE,CHEMBL2404093,Agonist activity at mu opioid receptor in rat brain membranes assessed as stimulation of [35S]GTPgammaS binding after 60 mins in presence of GDP,F,BAO_0000249,cell membrane format,Rattus norvegicus,CHEMBL3638188,Brain,,Brain membranes,,,,CHEMBL270,Mu opioid receptor,Rattus norvegicus,SINGLE PROTEIN,CHEMBL2401649,1,Scientific Literature,J. Med. Chem.,2013
CHEMBL2402939,,0,595.66,2,-3.26,10a,CN/C1=N/C[C@@H](C(N)=O)NC(=O)[C@H](Cc2ccccc2)NC(=O)CNC(=O)[C@H](NC(=O)[C@@H](N)Cc2ccc(O)cc2)CN1,EC50,'=',278,nM,6.56,,,UO_0000065,,,,,FALSE,CHEMBL2404093,Agonist activity at mu opioid receptor in rat brain membranes assessed as stimulation of [35S]GTPgammaS binding after 60 mins in presence of GDP,F,BAO_0000249,cell membrane format,Rattus norvegicus,CHEMBL3638188,Brain,,Brain membranes,,,,CHEMBL270,Mu opioid receptor,Rattus norvegicus,SINGLE PROTEIN,CHEMBL2401649,1,Scientific Literature,J. Med. Chem.,2013
CHEMBL2402939,,0,595.66,2,-3.26,10a,CN/C1=N/C[C@@H](C(N)=O)NC(=O)[C@H](Cc2ccccc2)NC(=O)CNC(=O)[C@H](NC(=O)[C@@H](N)Cc2ccc(O)cc2)CN1,EC50,'=',1621.81,nM,5.79,,,UO_0000065,,,,,FALSE,CHEMBL2404093,Agonist activity at mu opioid receptor in rat brain membranes assessed as stimulation of [35S]GTPgammaS binding after 60 mins in presence of GDP,F,BAO_0000249,cell membrane format,Rattus norvegicus,CHEMBL3638188,Brain,,Brain membranes,,,,CHEMBL270,Mu opioid receptor,Rattus norvegicus,SINGLE PROTEIN,CHEMBL2401649,1,Scientific Literature,J. Med. Chem.,2013
CHEMBL178129,,0,390.43,0,2.43,3,COC(=O)[C@@H]1C[C@H](O)C(=O)C2[C@@]1(C)CC[C@H]1C(=O)O[C@H](c3ccoc3)C[C@]21C,EC50,'=',492,nM,6.31,,,UO_0000065,,,,,FALSE,CHEMBL828942,Activation of human k-opioid receptor as increased [35S]GTPcS binding ,F,BAO_0000019,assay format,Homo sapiens,,,,,,,,CHEMBL237,Kappa opioid receptor,Homo sapiens,SINGLE PROTEIN,CHEMBL1142779,1,Scientific Literature,Bioorg. Med. Chem. Lett.,2005
CHEMBL178129,,0,390.43,0,2.43,3,COC(=O)[C@@H]1C[C@H](O)C(=O)C2[C@@]1(C)CC[C@H]1C(=O)O[C@H](c3ccoc3)C[C@]21C,EC50,'=',492,nM,6.31,,,UO_0000065,,,,,FALSE,CHEMBL828942,Activation of human k-opioid receptor as increased [35S]GTPcS binding ,F,BAO_0000019,assay format,Homo sapiens,,,,,,,,CHEMBL237,Kappa opioid receptor,Homo sapiens,SINGLE PROTEIN,CHEMBL1142779,1,Scientific Literature,Bioorg. Med. Chem. Lett.,2005
CHEMBL178129,,0,390.43,0,2.43,Epi-3,COC(=O)[C@@H]1C[C@H](O)C(=O)C2[C@@]1(C)CC[C@H]1C(=O)O[C@H](c3ccoc3)C[C@]21C,EC50,'=',193,nM,6.71,,,UO_0000065,,,,,FALSE,CHEMBL828942,Activation of human k-opioid receptor as increased [35S]GTPcS binding ,F,BAO_0000019,assay format,Homo sapiens,,,,,,,,CHEMBL237,Kappa opioid receptor,Homo sapiens,SINGLE PROTEIN,CHEMBL1142779,1,Scientific Literature,Bioorg. Med. Chem. Lett.,2005
CHEMBL3350369,,0,560.7,2,1.22,3,CC1(C)SSC[C@H](NC(=O)[C@@H](N)Cc2ccc(O)cc2)C(=O)N[C@H](Cc2ccccc2)C(=O)N[C@@H]1C(=O)O,Ki,'=',12.3,nM,7.91,,,UO_0000065,14.11,0.28,6.69,4.63,FALSE,CHEMBL757532,Binding affinity for delta opioid receptor using [3H]DPDPE from mouse vas deferens,B,BAO_0000357,single protein format,,,,,,,,,CHEMBL3222,Delta opioid receptor,Mus musculus,SINGLE PROTEIN,CHEMBL1127295,1,Scientific Literature,J. Med. Chem.,1994
CHEMBL3350369,,0,560.7,2,1.22,4,CC1(C)SSC[C@H](NC(=O)[C@@H](N)Cc2ccc(O)cc2)C(=O)N[C@H](Cc2ccccc2)C(=O)N[C@@H]1C(=O)O,Ki,'=',4.8,nM,8.32,,,UO_0000065,14.84,0.3,7.1,4.87,FALSE,CHEMBL757532,Binding affinity for delta opioid receptor using [3H]DPDPE from mouse vas deferens,B,BAO_0000357,single protein format,,,,,,,,,CHEMBL3222,Delta opioid receptor,Mus musculus,SINGLE PROTEIN,CHEMBL1127295,1,Scientific Literature,J. Med. Chem.,1994
CHEMBL3350369,,0,560.7,2,1.22,5,CC1(C)SSC[C@H](NC(=O)[C@@H](N)Cc2ccc(O)cc2)C(=O)N[C@H](Cc2ccccc2)C(=O)N[C@@H]1C(=O)O,Ki,'=',1.52,nM,8.82,,,UO_0000065,15.73,0.32,7.6,5.16,FALSE,CHEMBL757532,Binding affinity for delta opioid receptor using [3H]DPDPE from mouse vas deferens,B,BAO_0000357,single protein format,,,,,,,,,CHEMBL3222,Delta opioid receptor,Mus musculus,SINGLE PROTEIN,CHEMBL1127295,1,Scientific Literature,J. Med. Chem.,1994
CHEMBL3350369,,0,560.7,2,1.22,6,CC1(C)SSC[C@H](NC(=O)[C@@H](N)Cc2ccc(O)cc2)C(=O)N[C@H](Cc2ccccc2)C(=O)N[C@@H]1C(=O)O,Ki,'=',70,nM,7.16,,,UO_0000065,12.76,0.26,5.93,4.19,FALSE,CHEMBL757532,Binding affinity for delta opioid receptor using [3H]DPDPE from mouse vas deferens,B,BAO_0000357,single protein format,,,,,,,,,CHEMBL3222,Delta opioid receptor,Mus musculus,SINGLE PROTEIN,CHEMBL1127295,1,Scientific Literature,J. Med. Chem.,1994